Player,playerID
Timmy Allen,allenti01
Ibou Badji,badjiib01
Amari Bailey,baileam01
Emoni Bates,batesem01
Jules Bernard,bernaju01
Onuralp Bitim,bitimon01
Anthony Black,blackan01
Leaky Black,blackle01
Izaiah Brockington,brockiz01
Kobe Brown,brownko01
Kobe Bufkin,bufkiko01
Toumani Camara,camarto01
D.J. Carton,cartodj01
Colin Castleton,castlco01
Malcolm Cazalon,cazalma01
Sidy Cissoko,cissosi01
Noah Clowney,clownno01
Bilal Coulibaly,coulibi01
Ricky Council IV,councri01
Jalen Crutcher,crutcja01
Dexter Dennis,dennide01
Gradey Dick,dickgr01
Henri Drell,drellhe01
Tosan Evbuomwan,evbuoto01
Adam Flagler,flaglad01
Jordan Ford,fordjo01
Javon Freeman-Liberty,freemja01
Alex Fudge,fudgeal01
Andrew Funk,funkan01
Kaiser Gates,gateska01
Keyonte George,georgke01
Collin Gillespie,gilleco01
Mouhamadou Gueye,gueyemo01
Mouhamed Gueye,gueyemo02
Jordan Hawkins,hawkijo01
Scoot Henderson,hendesc01
Taylor Hendricks,hendrta01
D'Moi Hodge,hodgedm01
Chet Holmgren,holmgch01
Jalen Hood-Schifino,hoodsja01
Jett Howard,howarje01
Matthew Hurt,hurtma01
Andre Jackson Jr.,jacksan01
GG Jackson II,jacksgg01
Trayce Jackson-Davis,jackstr02
Jaime Jaquez Jr.,jaqueja01
Trey Jemison,jemistr01
Keyontae Johnson,johnske08
Colby Jones,jonesco02
Maxwell Lewis,lewisma05
E.J. Liddell,liddeej01
Dereck Lively II,livelde01
Chris Livingston,livinch01
Seth Lundy,lundyse01
Nathan Mensah,mensana01
Vasilije Micić,micicva01
Brandon Miller,millebr02
Jordan Miller,millejo02
Leonard Miller,millele01
Dariq Whitehead,whiteda01
Taze Moore,mooreta02
Kris Murray,murrakr01
Pete Nance,nancepe01
Markquis Nowell,nowelma01
Mãozinha Pereira,pereima01
Drew Peterson,peterdr01
Filip Petrušev,petrufi01
Julian Phillips,phillju01
Jalen Pickett,pickeja02
Brandin Podziemski,podzibr01
Craig Porter Jr.,portecr01
Olivier-Maxence Prosper,prospol01
Duop Reath,reathdu01
Rayan Rupert,ruperra01
Jermaine Samuels,samueje01
Adama Sanogo,sanogad01
Gui Santos,santogu01
Marcus Sasser,sassema01
Brice Sensabaugh,sensabr01
Ben Sheppard,sheppbe01
Dmytro Skapintsev,skapidm01
Jalen Slawson,slawsja01
Nick Smith Jr.,smithni01
Terquavion Smith,smithte01
Pat Spencer,spencpa01
Julian Strawther,strawju01
Amen Thompson,thompam01
Ausar Thompson,thompau01
Jacob Toppin,toppija01
Oscar Tshiebwe,tshieos01
Hunter Tyson,tysonhu01
Sasha Vezenkov,vezenal01
Tristan Vukcevic,vukcetr01
Jarace Walker,walkeja02
Cason Wallace,wallaca01
Jordan Walsh,walshjo01
Victor Wembanyama,wembavi01
Cam Whitmore,whitmca01
Malik Williams,willima11
Jalen Wilson,wilsoja03
Isaiah Wong,wongis01
